﻿word,sense1,sense2,sense3,sense4,sense5,sense6,sense7,sense8,sense9,sense10,sense11
ሀይል,ብርታት,ቡድን, ግፊት,አቅም,ጥነካሬ,ጉልበት,,,,,
በላ,ተመገበ,ተናገር,ትእዛዝ,አሳከከኝ,ተባ,ፈጠነ,አማ,ነቀፈ,አሸነፈ,አኘከ,
ቀና,ለማ,አላቀረቀረም,ትሁት,ተማረ,ሰመረ,ሰለጠነ,ተገረፈ,መቅናት,እወንተ,ቀጥታ,
ገና,ልደተ ክርስቶስ,አልደረሰም,ጀምሯል,አልተፈፀመም,ቀድሞ,ዕሩር,ጥንግ,ገነነ,,,
ሰበቀ,ወዘወዘ,አማሰለ,በጠበጠ,አሸ,አጣላ,አጋደመ,አስተኛ,አለለ,ነከረ,,
ሀቅ,እዉነት ,የራስ ,የተረጋገጠ , ልክ,መጠን,ትክክል ,ድርሻ,,,,
ለቀመ,ሰበሰበ,ለየ,በላ,አነሳ,አረመ,አጠፋ,ነቀሰ,ተማረ,ለመደ,,
ለወጠ ,ተበላሸ,በሌላ ቀየረ,አሻሻለ,አበላለጠ,እምነቱን ካደ,ሽታው ወየረ,ነገደ,,,,
ላፈ,ሰለበ,አቃጠለ,ፈጀ,ነጠቀ,ሞጨለፈ,,,,,,
ነጠቀ,ቀማ,አዳነ,አወጣ ,ተማረ,አወቀ,አፈጠነ,,,,,
ላጠ,አነሳ,አወጣ,አማረ,አዋረደ,መታ,ገረፈ,,,,,
ይመራል,መራራ,አሳየ,ሰጠ,ይጀምራል,ይቀድማል,,,,,,
መለሰ,ወደ ኋላ,መልስ,አስረከበ,ተወጣ,ቀላቀለ,ደባለቀ,ተፈላለገ,አሰመረ,,,
ሰፋ,አበጀ,ከፍ አለ ,አደገ,ጨመረ,እጽዋት ,አስተካከለ,,,,,
ሰራ,አደረገ,ፈጸመ,ጠገነ,አዘጋጀ,አከናወነ,አቋቋመ,ገነባ,አስተካከለ,,,
ሰየመ,ስም አወጣ ,ፈጨ,ሞላ,አዘጋጀ,ማዕረግ ሰጠ,ሾመ,,,,,
አቀለጠ,አፈሰሰ,አሟሟ,ሰረቀ,ወሰደ,አጠፋ,አደመቀ,አሳመረ,አስቀረ,ከለከለ,መታ,አሰማ
ደረሰ,መጣ,ሄደ,ሴት አወቀ,ገባ,ጨረሰ,ፈፀመ,ፃፈ,ቅኔ ተቀኘ,ተናገረ,,
ተነሳ,ነቃ,ዳነ,ተፈወሰ,ከበረ,ወጣ,ለቀቀ,ተቀነሰ,ተወሳ,ተነገረ,,
ቀረፀ,አሾለ,ወቀረ,ሰበከ,,,,,,,,
ወደብ,መገናኝ,መጓጓዣ,የባህር ዳር,ሀይቅ,መግቢያና መወጫ,መጠጊያ,ማረፊያ,,,,
በራ,መላጣ,ብርሀን,አቆመ,ተንቦገቦገ,ተለኮሰ,አማረ,,,,,
ሁነኛ,ጠቃሚ ,ተስማሚ ,ታማኝ,ወዳጅ,,,,,,,
ወጣ,ተለየ,ተወገደ,አደረ,ተቀመጠ,ዘለቀ,ጨረሰ,ተሰማ,ተነገረ,ተዘረገፈ,አደገ,
አነሳ,አነጠለጠለ,ሰቀለ,ጨረሰ,አንሳፈፈ,አስታወሰ,አከበረ,ሾመ,ጀመረ,አቀና,,
አስነሳ,አነቀ,ቀሰቀሰ,አስወሰደ,አሸከመ,አስወጣ,አስለቀቀ,,,,,
ተፈታ,ተተረጎመ,ተገለጠ,ተከፈተ,ተተረተረ,ተወገደ,ተበተነ,ተበላሸ,ፈረሰ,ጠፋ,,
ፈታ,አወለቀ,ተረተረ,ሰደደ,ለቀቀ,ተረጎመ,በተነ,አጠፋ,አፈረሰ,ገለጠ,,
ጣፈ,ጻፈ,ጠገነ,አላከከ,ሰፋ,ደፈነ,,,,,,
ጠፋ,ኮበለለ,ተረሳ,ተበላሸ,ተደመሰሰ,ሞተ,ታወረ,ትበላ,ተሰረቀ,ፈተለ,መታ,
ሙዋጨረ,ፋቀ,ፈቀፈቀ,ጫረ,ሰነጠቀ,አከከ,ተጣላ,,,,,
ሰግለባ,ችኩል,ስግብግብ,,,,,,,,,
ተሰገሰገ,ታጨቀ,ገባ,ተቀጠቀጠ,ተቀራረበ,,,,,,,
ሰጠረ,ሰወረ,አረቀቀ,,,,,,,,,
ሰካ,ወጋ,ሻጠ,ሳገ,አስገባ,,,,,,,
ሰከነ,ረጋ,ወረደ,አደበ,,,,,,,,
ተሰላ,ተቆጠረ,ታሰበ,,,,,,,,,
ሳፊ,ሙሉ,ያልጎደለ,ያልተበረዘ,,,,,,,,
ሰለጠ,ተከወነ,ተፋጠነ,ቀና,,,,,,,,
ተሰናበተ,ተለየ,ሞተ,,,,,,,,,
መሰናዶ,መዘጋጀት,ድግስ,ዝግጅት,ድርጅት,,,,,,,
አሰናከለ,ጠለፈ,አወላከፈ,,,,,,,,,
ሻመደ,ተበላ,ታኘከ,ተቆረጠመ,ተጣመደ,,,,,,,
ተሻተተ,ተጣጠነ,ተጫጫሰ,ተቀባበለ,,,,,,,,
ሙዋለጠ,ለሰለሰ,አውደለደለ,ዳለጠ,ተበላሸ,,,,,,,
ሙዋል,ፍቅረኛ,ባለሙዋል,ባለሞገስ,,,,,,,,
ሙዋደደ,ገመሰ,ቆረጠ,ቆረሰ,ሰለበ,ቀጠፈ,ሰረቀ,,,,,
ሙዋጠጠ,ጨለጠ,ጋጠጠ,ጨረሰ,የመጨረሻ,,,,,,,
ሙዋጨ,አጠራ,ፋቀ,ወለወለ,,,,,,,,
ሙጢ,ሌባ,አሳባቀ,ነገረኛ,,,,,,,,
ሙጭራጭ,አጭር,ቀጭን,ቀጫጫ,ከራራ,የመጨረሻ,,,,,,
ማረረ,ለቀመ,አጨደ,ከመረ,,,,,,,,
ማሑታ,አለኝታ,ተስፋ,ስለት,,,,,,,,
ማለፊያ,የተወደደ,የጠራ,በቂ,መንገድ,ዋስ,መድህን,,,,,
ማሽንቅ,አስተዋይ,ተንኮለኛ,ክፉ,ብልሀተኛ,,,,,,,
ማት,መቅሰፍት,ብዛት,,,,,,,,,
ቀዋ,አወለበ,ጠረጠረ,ለቀመ,,,,,,,,
ቆመ,ጸና,ረጋ,ተቋረጠ,,,,,,,,
ተቋደሰ,ተሳተፈ,ተቋረሰ,ቀመሰ,,,,,,,,
ቀወለለ,ረዘመ,አደገ,ዘዋሪ,,,,,,,,
ቀጨ,ገነጠለ,ነጨ,ቆረጠ,ገደለ,,,,,,,
ቀጭ,ገንጣይ,ቆራጭ,የሚቀጣ,,,,,,,,
መቅረት,መዳን,መለወጥ,አለመምጣት,,,,,,,,
ማቃር,ማጎምዥት,ማቃጠል,,,,,,,,,
ማይም,መዕመን,ያልተማረ,,,,,,,,,
ሰለመ,ሙስልም ሆነ,አመሰገነ,አፈቀረ,,,,,,,,
ምስማክ,መጠጊያ,መከዳ,,,,,,,,,
ሰበዘ,ሸጎጠ,አገባ,ጨመረ,ሻጠ,,,,,,,
ሃጅ, ጉዞ,ተጓዥ,የሚሄድ,,,,,,,,
ሆይ,አክብሮት ,አበረታታ,,,,,,,,,
ሀረግ,ተክል,ትውልድን መቁጠር,ሰዕል,,,,,,,,
ህብር,ቀለም,ትብብር,ጥምር, ተመሳሳይ,መልክ,,,,,,
ሃብት,ንብረት,እጣ,ጥሪት,,,,,,,,
ለመለመ ,አለንጓዴ ሆነ,አማረ,ቆረጠ,,,,,,,,
ለመጠ,አጎበጠ, መታ,ዥለጠ,,,,,,,,
ለማ,ተንሰራፋ,ገነነ,ለመለመ,ለማን,,,,,,,
ለቀለቀ,ቀባ,አጠራ,ፃፈ,አብዝቶ ተከለ,,,,,,,
ለመገገ,ሳበ,መጠመጠ,ጠባ,,,,,,,,
ለዛ,ወዝ,ውበት, ጣዕም,ገረፈ,አስጎነበሰ, አሞቀ,,,,,
ለካ, መጠነ, መደነቅ,መዘነ,ጎመዘዘ,,,,,,,
ለጋ, ወጣት,ወረወረ,አባረረ,ለምለም,አዲስ,ታገለ,,,,,
ለሴ,ዳቦ,ጥቢኛ,ሙልሙል,,,,,,,,
ለሰሰ,ለብታ,መጠነኛ,ቀነሰ,,,,,,,,
ለበለበ,አቃጠለ,አንገበገበ,ቆጠቆጠ,አስመሰለ,,,,,,,
ለወሰ,አራሰ,አቦካ,አጨቀየ,አብዝቶ አመመ,,,,,,,
ለበጠ,አስጌጠ,ሸፈነ,ነቀፈ,,,,,,,,
ለቀቀ,ተተረተረ,ተቀደደ,ሄደ,ነጋ,የታሰረን ፈታ,,,,,,
ለየ,ለብቻው አኖረ,ፈረቀቀ,አነበበ,አወቀ,ተረዳ,,,,,,
ለገሰ,ቸረ,መነጨ,ሰጠ,አበረከተ,አካፈለ,,,,,,
ለጠጠ,ላጠ,በትንሹ ከፈተ,በኩራት ተነፋ,ደገነ,አፈነተረ,,,,,,
ለጎመ,ከለከለ,ከፈፈ,ለበደ,ወተፈ,ደፈነ,,,,,,
ለጠፈ,አነባበረ,በላይ አደረገ,ደፈነ,አስተካከለ,አዘለ,ስም አጠ,,,,,
ለፋ,ደከመ,ተገረፈ,ተደበደበ,,,,,,,,
ነቀለ,አራቀ,አስወገደ,መዘዘ,አነሳ,,,,,,,
መረቅ, የስጋ ፈሳሹ ክፍል,የሳሙና  አረፋ,አሪፍ,,,,,,,,
ላመ,ደቀቀ, ተፈጨ ,ጥንካሬውን አጣ,ተለያየ,,,,,,,
ለተተ,ለፋ,ለዘዘ,ሳሳ,,,,,,,,
ለዘዘ,ደረቀ,ተጠላ,,,,,,,,,
ለፈፈ,አወጀ,ተናገረ,ጮኽ,,,,,,,,
ለቀለቀ,ስም አጠፋ,ዋሸ,አጣራ,አበላሸ,,,,,,,
ላጤ,ብቸኛ,ሌባ,አታላይ,,,,,,,,
ልቅ,ሰፊ ,ስድ ,ባለጌ,,,,,,,,
ልጅ,ህፃን,የአብራክ ክፋይ,,,,,,,,,
ልማድ,ባህርይ,ዘወትር,ህግ,ሱስ,አመል,ባህል,,,,,
ልማት, እድገት,ብልፅግና ,ግንባታ,,,,,,,,
ልክ,መጠን,ደረጃ,ትክክል,ሰርአት ,,,,,,,
ልል,ያልጠበቀ,ቀላል,ልናገር  ስል,,,,,,,,
ሎጋ,ረጅም,ጅም ጦር,ቅርፁ ሰፍ ያለ,,,,,,,,
መሰነቅ,ማቀድ,መጀመር,መነሳት,,,,,,,,
መስመር,አቅጣጫ,አርዕስት, ,,,,,,,,
መሳሳት,ትክክል አለመኾን,መቅጠን,በስስት,,,,,,,,
መአት,እልቂት,ችግር,ቁጣ,ብዙ,አያሌ,,,,,,
መረብ,መገናኛ,ወጥመድ,,በጥንቃቄ ,ዘርዛራ,,,,,,
መተረ,ከተፈ,ለካ,ቆረጠ,ጨረስ,አረደ,,,,,,
መረረ,ከረረ,አንገፈገፈ,ጣዕሙን አጣ,,,,,,,,
መሸ,ጨለመ,እርጅና,,,,,,,,,
መነነ,ተለየ,አማረ,መነመነ,ደስ ተሰኘ,,,,,,,
መነጠቀ,መዘዘ,ነቀለ,ገሰገሰ,ተራመደ,ቀማ,,,,,,
መከረ,አስተማረ,ተባበረ,ዶለተ,መረመረ,ተጨነቅ,,,,,,
መከተ,ተከላከለ,ከለለ,ጋረደ,ተከላከለ,ረዳ,አገዘ,,,,,
መዘዘ,አወጣ,አሳየ,ረዘመ,ፈተላ,ሀረግ ቆጠረ,ተሰለች,,,,,
መደበ,ከፈለ,ደለደለ,ጀመረ,መሰረቱን ጣለ,,,,,,,
መጠነ,ለካ,መዘነ,ቀልጣፋ,,,,,,,,
መጠጠ,ሳበ,ኮመጠጠ,ደረቀ,ጠባ,,,,,,,
ማረ,አዳነ,ተወ,,,,,,,,,
ማረከ,ወረረ,ዘረፈ,አማለለ,ሳበ,,,,,,,
ማህበር,ሸሪክነት,ተባባሪነት,ፅዋ,አባል,,,,,,,
ማገ,ተጎንጨ,መጠጠ,ጠጣ,,,,,,,,
ምስክር,እማኝ,ማስረጃ,,,,,,,,,
ምስል,መልክ,ገፅ,ጣኦት,,,,,,,,
መደመደ,አስተካከለ,መነጠረ,ጨፈጨፈ,ገደለ,ጠራረገ,ተራበ,,,,,
መንጋ,ሰራዊት,ከብቶች,ስብሰባ,ደሴቶች,,,,,,,
መነጠረ,ገለጠ,ተለተለ,ደበደበ,,,,,,,,
መጋዝ,መቁረጫ,መወሰድ ,መምጣት,መሻር ,መታሰር,,,,,,
መጥራት,ንፁህ,መጋበዝ,,,,,,,,,
መጅ,እብጠት ,ትልቅ,የወፍጮ መፍጫ,,,,,,,,
ሙቅ,መጠጥ,ለብታ,,,,,,,,,
ማለደ,በጧት , በጊዜ,ለመነ,ደጅ ጠና,,,,,,,
መላ,ዘዴ,ብልሀት,ገንዘብ,,,,,,,,
ማዕርግ,ክብር,ደረጃ,መሰላል,ሹመት,,,,,,,
ማርሽ,የተሸከረካሪ ክፍል,የሙዚቃ ባንድ,,,,,,,,,
ሞላ, ጨመረ,ጢም አለ,,,,,,,,,
ሞረሽ,አዋጅ,ሞኝ,ከሞተ የሚቆጠር,,,,,,,,
ሞዴል, ናሙና,  ቅርጽ ,ምስል,ቅጽ,ካርኒ , ፋሽን የሚያሳዩ ሰዎች,ሰነድ,,,,
ሞግዚት,አስተዳዳሪ,ተንከባካቢ,ተጠሪ,,,,,,,,
ሞገድ,እልህ,ሃይል,ማዕበል,,,,,,,,
ምስጥ,ትላትል,ብስል,,,,,,,,,
መቻሉ,መብት አገኘ,ታደለ,መቋቋም,,,,,,,,
ምራት ,የልጅ ሚስት,አቅጣጫ አሳያት,ውሰዳት,,,,,,,,
መባረክ,ማማተብ,መመረቅ,መቀደስ,መብዛት,,,,,,,
ማቅ,ችግር,ከበግ ፀጉር የሚሰራ ልብስ,,,,,,,,,
ሰላ,ደመቀ,ገር ሆነ,ቀጥና,,,,,,,,
ሰው,የአዳም ልጅ,ጨዋ,ጌታ,,,,,,,,
ተሰናዘረ,ተላወሰ,ተለካ,ተሰተረ,,,,,,,,
ሳተ,ገደፈ,ዘነጋ,አጣ,ህግ አፈረሰ,,,,,,,
ሸለለ,ሰፋ,አጋጠመ,አቅራራ,ፎከረ,,,,,,,
ሰለለ,ቀጠነ,መረመረ ,ቀነሰ,,,,,,,,
ሰረሰረ,ቦረቦረ,በሳ,ውስጥውስጡን አመመ,,,,,,,,
ሰፈረ,ለካ,ተቀመጠ,ተከማቸ,,,,,,,,
ሳተ, አፈረሰ,አጣ,ሳይዝ ቀረ,,,,,,,,
ሳቢያ,ምክያት,የአረቀ ቅራሪ,,,,,,,,,
ሳንቃ,መዝዚያ,ጣውላ,ሰፊ,,,,,,,,
ስጋ,ወገን ,ዘመድ,ምግብ ,,,,,,,,
ስማ,አዳምጥ,መሳም,,,,,,,,,
ስር,ውስጥ,  የተክሉ ክፍል,የደም ማመላለሻ  ጅማት,,,,,,,,
ሰራ,አደረገ,አታለለ,ፀጉር ጎነጎነ,አከናወነ,አፌዘ,,,,,,
ስድ,ያልተወሰነ,ሰፊ,ባለጌ,ስረኣት የለሽ,,,,,,,
ሰለበ,ቆረጠ,አደከመ,አዛለ,ዘጋ,ሾለ,,,,,,
ስልጡን,ንቁ ,ቀልጣፋ,ትሁት,ስልጠና ያገኘ,የተማረ,ጨዋ,,,,,
ሰማ,ጋለ,ሞቀ,አዳመጠ,ተቀበለ,ተረዳ,,,,,,
ሳማ,እጽዋት ,ሀሜት,ጨመረ,ከፍ አለ,በመርፌና በክር በስንደዶ የሚያያዝ,,,,,,
ሰባኪ,መምህር,ውሸታም,አታላይ,,,,,,,,
ሰረቀ,የሰው ገንዘብ ወሰደ,ዘለቀ,ገባ,ወጣ,,,,,,,
ረገደ,ፈራ,ተንቀጠቀጠ,ከፈለ,,,,,,,,
ረገረገ,ወዘወዘ,ነቀነቀ,አከማቸ,ጠቀጠቀ,ረገጠ,ጠፈጠፈ,,,,,
ተረዳ,ታገዘ,ተደገፈ,ገባው,አወቀ,ሞት ሰማ,,,,,,
ረጠበ,አገዘ,ረዳ,ሰጠ,ራሰ,ተነከረ,,,,,,
ቀጠለ,ለጠቀ,ተከተለ,ረቀቀ,ሳሳ,ጨመረ,አከለ,,,,,
ተንቀጠቀጠ,ነፈገ ,ራደ,,,,,,,,,
ቆጠረ,ተማረ,አሰበ,አሰላ,,,,,,,,
ቅጥር,አሽከር,ሎሌ,አጥር,,,,,,,,
ቁጥር,የተቋጠረ,አሀዝ,,,,,,,,,
ቋጠረ,ቀጠለ,አሰረ,ወጠነ,,,,,,,,
ተቋጠረ,ጓጎለ,ተረገዘ,,,,,,,,,
ቅንቅን,ተባይ,ስስት,ንፍገት,,,,,,,,
ቅናት,ትጥቅ,ምቀኝነት,,,,,,,,,
ነጎደ,ተዟዘ,ተመመ,ጮህ,ተመታ,,,,,,,
ቆጠቆጠ,አቃጠለ ,ቆጠበ,አንገበገበ,,,,,,,,
ሰርክ,ዘወትር,ምሽት,,,,,,,,,
ሰባ,ቁጥር,ወፈረ,ደነደነ,ደለበ,ጮማ ሆ,,,,,,
ሳበ,ጎተተ,አስጠጋ,ማረከ,አማለለ,አጓጓ,,,,,,
ሳለ,ኡኹ! ኡኹ! አለ,አሾለ,ሞረደ,አተባ,ስእል ሳለ,እያለ,,,,,
ሳሳ,ቀጠነ,ተራራቀ,ሰሰተ,ተስገበገበ,አዘነ,ራራ,,,,,
ሰለቀ,ደቆሰ,ፈጨ,አለዘበ,አደቀቀ,መታ,ደከመ,,,,,
ሴት,እንስት,ባለሙያ,,,,,,,,,
ረቀቀ,አነሰ,ላመ,ቀጠነ,መነመነ,አወጣ,አዘጋጀ,,,,,
ረበበ,ዘረጋ,ጋረደ,በላይ አደረገ,,,,,,,,
ርግብ,የወፍ አይነት,የዋህ,ደግ ,አዛኝ ,,,,,,,
ሸነቆረ,ደፈነ,ወጋ,,,,,,,,,
ሸረከተዉ,ገረደፈው,ከካው,ወጋው,ተረተርው,ቀደደው,,,,,,
ሸረፈ,ሰበረ,ቆረሰ,መነዘረ,ዘረዘረ,,,,,,,
ሸጋ,ቆንጆ,ጥሩ,የህመም አይነት,,,,,,,,
ሹርባ,የሚጠጣ ,የፀጉር ስሬት,,,,,,,,,
ሸቱ,የሰው ሰም,የደረሰ እህል,ለጋ,,,,,,,,
ሸለገ,አሰበ,አሰላ,ለካ,ገመተ,መዘነ,መጠነ, ,,,,
ሸመጠጠ,ጋለበ,ሮጠ,ዋሸ,,,,,,,,
ሽጉጥ,መሳሪያ,መደበቅ,,,,,,,,,
ሻረ,ዳነ,ተፈወሰ,ከስልጣን ተነሳ,በላ,,,,,,,
ቀመር,ቁጥር,ስልት,አደንጓሬ,,,,,,,,
ቀጠፈ,ቆረጠ,ዋሸ,ቆነጠበ,ቀሰፈ,,,,,,,
ቀነቀነ,አሳከከ,መረመረ,ፈተሸ,ዘፈነ,ሰሰተ,ነፈገ,,,,,
ቅባት,ተሰጥኦ,ዘይት,ሞራ,,,,,,,,
ቅጅ,የተገልለበጠ,ግልባጭ,,,,,,,,,
ቀዳዳ,ሽንቁር,ብስ,ውሸታም,,,,,,,,
ቀድሞ,ፊት,ድሮ,,,,,,,,,
ተቋቋመ,ተሳካ,ተወዳደረ,አሳካ,አበጅ,,,,,,,
ተቀጣ,መቀጮ,ተገሰጸ,ተመከረ,,,,,,,,
ቀጠጠ,አሳበጠ,ቆረጠ,,,,,,,,,
ቆላ,ጠበሰ,አበሰለ,አቃጠለ,ቆላ,ፈተነ,አፈላ,,,,,
ቀለበ,መገበ,አጠጣ,ጨበጠ,,,,,,,,
ተቃለለ,ተገባደደ,ተዋገደ,ተዋረደ,ተናቀ,,,,,,,
ቀለመ,አደፈ,ያዘ,ቀለም አዘጋጀ,,,,,,,,
ቀለም,ቀሰም,ትምህርት,ደም ግባት,,,,,,,,
ቆለፈ,ሸፈነ,አጎበጠ,አነቀ,ያዘ,,,,,,,
ቆመጠ,ቆረጠ,በጠሰ,ቆረጠ,ነረተ,ጠለዘ,ደበደበ,,,,,
አቀና,አመራ,ለወጠ,ሸጠ,ገዛ,አለማ,,,,,,
ተቀጠቀጠ,ተወቀጠ,ተኮላሸ,ጠፍጣፋ ሆነ,ደቀቀ ,ተመታ,,,,,,
ቀባ,የዱር ማር  ,ለቀለቀ,አደሰ,,,,,,,,
ቀላ,ሰየፈ,ለጋ,ወደ ቀይነት ተቀየረ,,,,,,,,
ቀለጠ,ሟሟ,ደመቀ,,,,,,,,,
አሻረ,አዳነ,አስተወ,,,,,,,,,
ቀረጥ,ቁጥቋጦ,ግብር,,,,,,,,,
ቀተረ,ቀሰረ,ሸጎረ,ቆመ,ረፋድ ሆነ,,,,,,,
ቀጠረ,አስገባ,አስማማ,አዋደደ,አሳደረ,,,,,,,
ቀጋ, ቊጥቋጦ,ክፉ,የማይመች ,,,,,,,,
ቀዳ,ኮረጀ,ወሰደ,ሞላ,ጠለቀ ,አንቆረቆረ,,,,,,
ቀዳዳ,የተበሳ,ሽንቁር,የማይቋጥር ,ውሸታም,,,,,,,
ቁልፍ,ዋና,የተዘጋ, ማገናኛ,,,,,,,,
ቁንጣ,የደረቀ ስጋ,ቀጫጫ,,,,,,,,,
ቋፍ,አጉል ኑሮ,ብርድ,ትንሽ ነገር ቢነካው የሚወድቅ,,,,,,,,
ቆረጠ,ወሰነ,ቀነሰ,አመመ,ፍርድ ሻረ,,,,,,,
ቆነጠጠ,ለመዘገ,ነከሰ,አጣበቀ,,,,,,,,
ቀረ,ተተወ,ዳነ,ተከለከለ,አነሰ,ዘገየ,ቆየ,,,,,
ቆረቆረ,አንኳኳ,ሸነቆረ,አቆሰለ,መሰረተ,ጎረበጠ,አሳመመ,,,,,
ተቆረቆረ,ተመሰረተ,አከዘ,አዘነ,ተማሰ,ተነደለ,,,,,,
ቀረረ,ጠራ,በለለ,አጉራራ,,,,,,,,
ቆሰቆሰ,ጨመረ,ጠቀሰ,አወከ,ነካ,,,,,,,
ቀሰቀሰ,አስነሳ,ፈተሸ,አነቃቃ,,,,,,,,
ቆቅ,የዱር አሞራ,ንቁ,ጠንቃቃ ,,,,,,,,
ቃፊር,ሰላይ ,ወታደር,ጓድ,,,,,,,,
ቀየደ,አሰረ,ጠፈረ,ሰነከለ,መናገር ከለከለ,,,,,,,
ቀዘነ,ፈራ,ተንቦጀቦጀ,ቀጭን አይነ ምድር ለቀቀ ,,,,,,,,
ቅርፅ,ጣኦት,መልክ,የሰውነት አቋም,,,,,,,,
በጉልበቷ,በሀይል,ተንበርክካ,,,,,,,,,
በግ,እንሰሳ,የዋህ,ጅል,,,,,,,,
ቡላ,ቀለም,ስድብ,ምግብ ,,,,,,,,
ቦረቀ,ፈነጨ,ፈነጠዘ,ዘለለ,ሰራ,ዐጨደ,,,,,,
ባተሌ,ፋታ የሌለው,በስራ የተጠመደ,,,,,,,,,
በለተተ,አረጀ,ቀዘቀዘ,ጨዋ,ልበኛ,,,,,,,
በተሀ,ለጋ ጠጅ,የወፍ አይነት,,,,,,,,,
ባላንጣ,ተወዳዳሪ,ርስት ተካፋይ,በነገር ተከራካሪ,ጠላት,,,,,,,
በሉ,ተናገሩ,ተመገቡ,,,,,,,,,
ቤት,ኑሮ,ትዳር,መኖሪያ ,ትወልድ,ዘመድ,መገኛ,,,,,
ባህር,ውሀ, ቻይ,ሰፊ,,,,,,,,
ቦጨቀ,አማ,አጨደ,ባዘተ,ቀደደ,በላ,ነከሰ,,,,,
ተበጣጠሰ,ተቆራረጠ,ተለያየ,ተጣላ,ተቀማጠለ,ተሞላቀቀ,,,,,,
ብል,ትል,ብናገር,,,,,,,,,
ብላ,ተመገብ,ተናግራ,,,,,,,,,
ቡላ,ቀለም,ምግብ,,,,,,,,,
ብልሀት,ጥበብ,ዘዴ,ምክኛት,,,,,,,,
በረደ,ቀዘቀዘ,ደከመ,ደነዘ,ሞረደ,,,,,,,
ባረከ,መረቀ,አመሰገነ,ፈቀደ,ጀመረ,አረደ,አማተበ,ቀደሰ,,,,
ባሰ,በረታ,በለጠ,ቸገረ,ተበሳጨ,ከበረ,,,,,,
ተኛ,ተዘረረ,ተጋደመ,ሞተ,አረፈ,ወሲብ,,,,,,
ቶፋ,ተጠሪ,ምትክ,እንስራ,,,,,,,,
ተረበ,አፌዘ,ቀለደ,አላገጠ,ነደፈ,,,,,,,
ተረፈ,ዳነ,ቀረ,በዛ,,,,,,,,
ብይ,ተመገቢ,ቂም,ካሳ,,,,,,,,
ተራክቦ,መስተጋብር,ሰጦ መቀበል,ወተት ማለብ,ፆታዊ ግንኙነት,,,,,,,
ተረተረ,ሰነተቀ,መዘዘ,በሀይል መታ,,,,,,,,
ተከለ,አቆመ,ሸጎጠ,ቀበቀበ,መሰረቱን አወጣ,,,,,,,
ተረፈ,ዳነ,ተፈወሰ,ቀረ,ከልክ አለፈ,በዛ,,,,,,
ብልህ,ብነግርህ,ባሳውቅህ,አስተዋይ,አዋቂ,ጮሌ,,,,,,
ተልባ,እህል,ሙልጭልጭ,የማይጨበጥ,,,,,,,,
ተከነ,ተቆጣ,ተኖ አልቅ,አመድ ሆነ,,,,,,,,
ተከበበ,ዙሪያው ተያዘ,ታጀበ,ክብ ተደረገ,,,,,,,,
ተሳለ,ተሞረደ,ለፈጣሪ ቃል ገባ,ተናጋሪ ሆነ,,,,,,,,
ተጣራ,ተለየ,መጥራት,ተሽጦ አለቀ,,,,,,,,
ተጠናወተ,ጥል ፈለገ,ባላጋራ ሆነ,ተተናኮላ,ተጣላ,በተደጋጋሚ አመመ,,,,,,
ተናጋ,ጉሮሮ,ተፋለሰ,,,,,,,,,
ተነፈገ,ተከለከለ,መጥፎ ጠረን ,አፈነ,,,,,,,,
ቸነከረ,ወጋ,ተከለ,ቀደደ,አጣበቀ,,,,,,,
ቸነፈር,ወረርሽኝ,ተስቦ,እልቂት,መቅሰፍት,,,,,,,
ነውጥ,ሁከት,ርደት,ንቅናቄ,,,,,,,,
ንብ,ተህዋሲ,ታታሪ,የተነበበ,,,,,,,,
ነፀብራቅ,ብልጭታ,ሃሳብ,,,,,,,,,
አጠረ,ዙሪያውን ከለለ,አነሰ,አመነዘረ,ነውር ሰራ,,,,,,,
አሰላ,ከተማ,አሾለ,ሂሳብ ሰራ,ቀስታ,,,,,,,
አሳማኝ,አስረጅ,በክፉ አስነሳኝ,,,,,,,,,
አረበረበ,ውሃ ረጨ,ንግግር አበዛ,ለፈለፈ,,,,,,,,
አለመ,ተመኘ,አነጣጠረ,ህልም አየ,,,,,,,,
አለም,ወግ ማዕረግ,ሁሉም ፕላኔቶች,ደስታ,,,,,,,,
አለባ,ፍሬ,የስራ ውጤት,ወተት ማለብ,,,,,,,,
አለቅላቂ,አጣቢ,እወደድ ባይ,ወረኛ,ወሬ አሳባቂ,,,,,,,
አሚካላ,እሾህ,ክፉ,አስቸጋሪ,,,,,,,,
አሸን,ብዙ,ምስጥ,,,,,,,,,
አወራረዱ,አካሄዱ,አፎካከሩ,,,,,,,,,
አድብ,ስነስዓት,ቅጣት,,,,,,,,,
አረዳ,መረዶ ,እርድ,,,,,,,,,
አረፈ,ሞተ,እረፍት አደረገ,,,,,,,,,
አረንቋ,ረግረግ,ማጥ,ችግር,,,,,,,,
አዳኝ,የሚያጠምድ, ፈዋሽ,ከክፉ ነገር ጠባቂ,ፈላጊ,,,,,,,
አያት,ተመለከታት,የወላጅ እናትና አባት,,,,,,,,,
አማት,በኋላዋ ስለሷ አወራ,የባል ወይም የሚስት ወላጆች,,,,,,,,,
አገና,ውል,ስምምነት,ከተማ,,,,,,,,
አገባ,ትዳር ያዘ,ገረድ ቀጠረ,አስጠጋ,ዕሩርን እዳር አደረሰ,,,,,,,
አመለከተ,አሳየ,ጠቆመ,ቅሬታ አሰማ,,,,,,,,
አላት,ነገራት,,,,,,,,,,
አከበረ,በአል ማክበር,ከፍ አደረገ,,,,,,,,,
አባይ,ወንዝ ,አስተባበለ,ዋሾ,,,,,,,,
አግቦ,ስድብ,ገባ,በአሽሙር መናገር,,,,,,,,
አላወሰ,አስኬደ,ረገጠ,,,,,,,,,
አህያ,የቤት እንስሳ,አላዋቂ ሰው,ደንቆሮ,የማይገባው,,,,,,,
እስስት,ያየችውን ለመምሰል የምትለዋውጥ እንስሳ,ወረኛ,ገልባጣ ሰው,,,,,,,,
እሳት,የሚነድ,የሚበራ,የሚያቃጥል,ፈጣን,,,,,,,
እባብ,በደረቱ የሚሳብ መርዘኛ ፍጡር,ተንኮለኛ,መሰሪ,,,,,,,,
ማለት,መምታት,መናገር,ማውራት,,,,,,,,
አለ,ተናገረ,አልጠፋም,መታ,ጠለዘ,አልሞተም,ተመኘ,,,,,
አዞ,ባህር ውስጥ የሚኖር እንስሳ,ተናገረ,ላከ,መልእክት አስተላለፈ,,,,,,,
አወጣ,አበቀለ,አስለቀቀ,አዳነ,አገኘ,ሰየመ,ነቀለ,,,,,
አልባሌ,ተራ ወሬ,ከበሬታ የሌለው ሰው,,,,,,,,,
አጭልግ,አታላይ,ሌባ,,,,,,,,,
አኞ,የማይታኘክ ስጋ,ድብቅ,ልቡ የማይገኝ ሰው,,,,,,,,
ኤሊ,ትንሽየ አንስሣ,ቀርፋፋ,,,,,,,,,
ከወነ,አዘጋጀ,አሰናዳ,ጨረሰ,,,,,,,,
ወረት,ሀብት,ብድር,ሰበብ,የማይታመን,,,,,,,
ወረዛ,ረጠበ,ከጥሬነት ወጣ,ለዘዘ,ተንገረገበ,,,,,,,
ወጡ,ለቀቀ,ታየ,ተሰደደ,ብቅ አለ,አደገ,የእንጀራ ማባያ,ቁመት ጨመረ,,,,
ውሻ,እንስሳ,ታማኝ,ልክስክስ,,,,,,,,
ዋና, ስፖርት, ሀላፈ,ባለቤት,መሪ,,,,,,,
ዚቀኛ,ተረበኛ,ነገር አዋቂ,ተንኮለኛ,,,,,,,,
ዛበረ,ለፍ,ባከነ,ቃዥ,ለፈለፈ,,,,,,,
ዝማም,ያማረ,የተወለወለ,ጎባጣ ,የተዋበ,,,,,,,
ዞማ,ውብ,ቆንጆ,ማራኪ,ለስላሳ,,,,,,,
የሚሰራላቸው,ሚያዘጋጅ,የሚጎነጉን ለፀጉር,የሚከናወን,,,,,,,,
የሚፈልቅ,የሚወጣ,የሚመነጭ,,,,,,,,,
የተበጀ,የተዘጋጀ,ጠገነ,ፈወሰ,አዳነ,አሰረ,አደሰ,አገዘ,,,,
የሚኮራባቸው,የሚመካባቸው,ፊት ይማይሰጣቸው,,,,,,,,,
ይወጣል,ይሄዳል,ይለቃል,ይዘልቃል,ይታያል,ያበቅላል,,,,,,
ይደበድባል,ይመታል,ይጥፋል,አፈር መለሰ,,,,,,,,
ይገባል,ይዘልቃል,ሸፈተ,ተረዳ,መሆን አለበት,,,,,,,
ይመታል,ይደበደባል,ይደበደባል,ይጠቀጥቃል,ያሴራል,,,,,,,
ይበላል,ይመገባል,የሚመገቡት,በአይኑ ወጋ,ያሳዝናል,ያማል,ያሳክካል,,,,,
ይፈላል,በቀለ,እሳት ላይ ተጥዶ ሲፈላ,ይበዛል,,,,,,,,
ይጣላል,ከሰው ጋር ይጋጫል,ይወረውራል,ጠጅ ይዘጋጃል,,,,,,,,
ያጋራሉ,ያካፍላሉ,ይገልጣሉ,ይነግራሉ,,,,,,,,
ደሃ,ገንዘብ ይሌለው,በጉልበቷ ሂዳ,,,,,,,,,
ደብዛ,ወፈረ,ገዘፈ,ምንም አልሰማው አለ,መገኛ,,,,,,,
ደነደነ,ወፈረ,ተለቀ,ወፈር ያል ዱላ/በትር,,,,,,,,
ደጓሳ,ጠንካራ ,የማይገባው,ደደብ,የተደነገለው ድንግልናውን,,,,,,,
 ድርቅ,በጋ,ዝናብ የጠፍበት ዘመን,ምድረ በዳ,በረሀ,,,,,,,
ድጉስ,የተጌጠ,የመፅሀፍ ገበታ ልብስ,ስለት,,,,,,,,
ድምፅ,ጩሀት,ምርጫ,,,,,,,,,
ደፈነ,ሰወረ,ጠቀጠቀ,ቀበረ,አላሳይ አለ,አልሰጥም አለ,,,,,,
ደርግ,ኮሚቴ,አንድነት,ማህበር,አምባገነን,,,,,,,
ደንቆሮ,ጀሮው የማይሰማ,ያልተማረ,,,,,,,,,
ድድር,ጥጥር,ጠንካራ,ደረቅ,,,,,,,,
ዳር,ጫፍ,አጠገብ,ልጅህን ልወግ ማዕረግ አብቃ,,,,,,,,
ጀሌ,ህዝብ,ጉባኤ,ወራጅ ወንዝ,ለአንድ ጉዳይ የተሰበሰቡ ሰወች,ተከታይ,,,,,,
ገልቱ,ሙያ የለሽ,ያልተማረ, ባሪያ,,,,,,,,
ጦስ,ሰበብ,ምክያት,ክፉ ነገር,,,,,,,,
ጠለለ,ተጣራ,ተንጠባጠበ,,,,,,,,,
ጠላ,ባህላዊ መጠጥ,ራቀ,ተፀየፈ,,,,,,,,
ጠላት,ባላንጣ,ተፀየፋት,,,,,,,,,
ጠራ,ና ,ነፃ,,,,,,,,,
ጠበቀ,ታገሰ,እስኪመጣ ጠበቀው,ከረረ ,ጠነከረ  ,ጠና,,,,,,
ጣለ,ወረወረ,ተወ),አወጣ (ለጠጅ,,,,,,,,
ጠረጠረ,ለቀመ , በክፉ አሰበ,,,,,,,,,
ጠባ,ነጋ ,መጠመጠ,ነጋ,ባተ,,,,,,,
ጠነቆለ,ወጋ, ተነበየ ,ተናገረ,በትንሹ ነካ,,,,,,,
ጠገራ, ድብልብል ብረት,ውድ የሆነ የብር ማእድን,,,,,,,,,
ጥርኝ,የእፍኝ ግማሽ  , ጥሩ መአዛ ያለው,,,,,,,,,
አሸለበ,ተኛ,ሞተ,,,,,,,,,
ጠሰቀ,ጠራ ,አመለከተ,አሽኮረመመ,,,,,,,,
ጠፈረ,በጥፊ መታ,አጮለ,አጥብቆ አሰረ,ቀፈደደ አዋቀረ,,,,,,,
ጥራ,ና በለው,ለፍታ,,,,,,,,,
ጥሩ,አሪፍ ነገር,ኑ ብሎ መጥራት,,,,,,,,,
ጥሞና,እርጋታ,ዝግታ,,,,,,,,,
ጨበሬ,ቀይ አፈር, ያልተበጠረ ጸጉር,,,,,,,,,
ጭብጥ,ፍሬ ሀሳብ,መዳፍ ሙሉ,ኩርትም,,,,,,,,
ጮጮ,የቁጥቋጦ አይነት,ጎድጓዳ እቃ,,,,,,,,,
ጽልመት,ጨለማ,ጥቁረት,መሀይምነት,,,,,,,,
ጽጌ,የአበባ ወቅት,የሰው ስም,ፆም,,,,,,,,
ፀዳል,ብርሀን,ዉበት,,,,,,,,,
ፈገመ,ወደቀ,ተደፋ,ሞተ,,,,,,,,
ፈተፈተ, ፈረፈረ,በማያገባው ገባ,,,,,,,,,
ፈለፈለ,ብዙ ልጅ ወለደ,ቦረቦረ ,ሰረሰረ,ነደነደለ,ቀረፀ,,,,,,
ፈነገለ,ገፍትሮ ጣለ,አፍኖ ሸጠ,ከዳ,,,,,,,,
ፈላ,ተፍለቀለቀ,ተንከተከተ,በቀለ,ችግ አለ,,,,,,,
ፈረጠ,ፈሰሰ,ወጣ,ወደቀ, ተፈጠፈጠ,,,,,,,
ፈታ,ገደፈ ,ተረጎመ ,አብራራ ,ከባለቤቱ ጋር ተለያየ,ገለጠ,የታሰረውን አለያየ,,,,,
ፈጀ,አቃጠለ ,ጨረሰ ,ለበለበ,ገደለ,አጠፋ,ቻለ,,,,,
ፈረሰኛ,ፈረስ ጋላቢ  , የዶሮ ብልት,,,,,,,,,
ፈተነ,ጠየቀ,መረመረ,መከራ አሳየ,,,,,,,,
ፈተገ,ፍሬውን ከገለባ ለየ,ላጠ,አሸ,,,,,,,,
ፈታ,ዘና,በተነ,አፈረሰ,ተረጎመ,ሰደደ,,,,,,
ፈለቀ,መነጨ,አንጠባረቀ,በራ,,,,,,,,
ፈካ,ደስ አለው,ፈነደቀ,አበበ,አማረ,,,,,,,
ፈገገ,ሳቀ,እሳቱ ተያያዘ,,,,,,,,,
ፊኛ,የሽንት ከረጢት,ንፋፊት,,,,,,,,,
ፍሬ, ልጅ,የተክልዘር,,,,,,,,,
ፍች,ትርጉም,መለያየት,ግለጭ,,,,,,,,
ጉቶ,የግንድ ቁራጭ,አጭር,,,,,,,,,
አምድ,ምሰሶ,መሪ,ዋና አግዳሚ,,,,,,,,
ሾተል,ማላሳም,ስለት,ሹል,ቀጭን,,,,,,,
ዛበረ,ለፋ,ባከነ,ቃዥ,ለፈለፈ,,,,,,,
አካል,ሰውነት,ገላ,ክፍል,ማህበር,,,,,,,
ዘር,ትውልድ,ከፍሬ የሚገኝ,,,,,,,,,
መንገድ,ብልሀት,ጎዳና,ዘዴ,አሰራር,,,,,,,
ዋጋ,ፋይዳ,ተመን,ክፍያ,,,,,,,,
ትኩስ,ሙቅ,አዲስ,,,,,,,,,
ወደፊት,ለሚቀጥለው,ከፊት አቅጣጫ,,,,,,,,,
ሃሰተኛ,ዉሸታም,ትክክል ያልሆነ ገንዘብ,ሰነድ,መረጃ,,,,,,,
ቃል,ንግግር,ተዕዛዝ,ከአንደበት የሚወጣ ድምፅ,,,,,,,,
ዜና,ታሪክ,ዝና,አዲስ ነገር መናገር,,,,,,,,
ወጣት,ገና የሚያድግ,አዲስ,ለጋ,ቀንበጥ,,,,,,,
ቀለም,ትምህርት,ቀሰም,መልክ,,,,,,,,
እድገት,መሻሻል,መጨመር,አካላዊ ለውጥ,,,,,,,,
ሳይ,ሰአሊ,ስመለከት,,,,,,,,,
ህብር,ቀለም,ትብብር,ጥምር ፍች ያለው ቃል,ተመሳሳይነት ያለው ነገር,,,,,,,
ብልህ,ብነግርህ,አስተዋይ,አዋቂ,ጮሌ,ባሳውቅህ,,,,,,
ዛፍ,የዕፅዋት ,ረጅም ,ከለላ,,,,,,,,
ሹም,አዛዥ,የበላይ,አስፈፃሚ,ሙላ,,,,,,,
መሰነቅ,ምግብ መቋጠር,ማቀድ,መጅመር,መነሳት,,,,,,,
ድብኝት,ግብስብስ,ጎተራ,ትርምስ,,,,,,,,
ነጣ,ገረጣ,አከከ,ጠራ,ጸዳ,,,,,,,
ነጭ,ቀለም,ፈረንጅ,አመዳም,የማያውቅ,,,,,,,
ነጠረ,ዘለለ,ቀለጠ,ፈላ,ተመለከተ,,,,,,,
ነከረ,አጠመቀ,አጠቀሰ,ዘፈቀ,ጠለቀ,,,,,,,
ነከሰ,በላ,ዘከዘከ,ነደፈ,መረዘ,,,,,,,
ነሳ,አራቀ,ከለከለ,ቀነሰ,አጎደለ,,,,,,,
ተነፈሰ,አለ,ተናገረ,አረፈ,ሟሸሸ,,,,,,,
መንፈስ,እወቀት,ንፋስ,የማይዳሰስ,,,,,,,,
 ነቃ,ተሰነጠቀ,ተገኘ,ፈለቀ,መነጨ,,,,,,,
ናቀ,አቀለለ,አኮሰሰ,ተወ,መነነ,,,,,,,
ነቀሰ,መሰከረ,ወቀረ,ቀነሰ,አስዜጠ,,,,,,,
አዋሽ,ወንዝ ,አበዳሪ,ጋን,,,,,,,,
አሀዝ,ልክ,መጠን,ቀጥር,,,,,,,,
አከለ,ጨመረ,ላቀ,መሰለ,ቃመ,ዋጠ,,,,,,
አለቀ,ተጨረሰ,ተፈጸመ,ሞተ,አረጀ,,,,,,,
አንኮ ,ጅል,ቀርፋፋ,አንበጣ,,,,,,,,
አረረ,ሰበሰበ,አጨደ,ጎረና,ተናደደ,,,,,,,
ከብት,እንሰሳ,አላዋቀ,,,,,,,,,
ከዳ,አመፅ,ተወ,አንሸራተተ,አዳለጠ,,,,,,,
ክውን,ዝግጁ,የተከወነ,በጠበጠ,ነቀነቀ,,,,,,,
ከለለ,ቀየደ,መከተ,ሰየፈ,ቆረጠ,ጋረደ,,,,,,
ከለሰ,ቀላቀለ,ጨመረ,አጠና,,,,,,,,
ከፋ,ጠና ,ባሰ,መጥፎ,,,,,,,,
ነጠላ,ዝርግ,አንድነት,ሸማ,ከውካዋ,,,,,,,
ነጠፈ,ጠራ,ጠለለ,ደረቀ,,,,,,,,
ተናከሰ,ተዘናተረ,ተናካሽ,ተናዳፊ,,,,,,,,
መንከት,መድቀቅ,ምስበር,ትንሽ ልጅ,,,,,,,,
ናና,ገነፈለ,በዛ,ፈላ,የሻይ ቅመም,መጥራት,,,,,,
ወግ,ወሬ,ልማድ,ስርአት,ደንብ,ባህል,,,,,,
ሆነ,ከረመ,ሰነበተ,ጠቀመ,በጀ,ተደረገ,ተፈጸመ,ተገኘ,ተወደደ,,,
ወበራ,ጠገበ,ቀበጠ,እብሪተኛ,,,,,,,,
ወጋ,ለኮሰ,አበራጎዳ,ወበቀ,,,,,,,,
ዋጋ,ምንዳ,ቀለብ,ደምወዝ,መከራ,ስቃይ,ቅጣት,,,,,
ወገን,በኩል,ቀበሌ,ትወልድ,ዘር,ጎሳ,,,,,,
ወድ,የተፈቀረ,የተወደደ,ፍቅር,ፈቃድ,የተሰካ,,,,,,
ተወደደ,ታመነ,ተፈቀረ,ናረ,,,,,,,,
ወደቀ,ተጋደመ,ረከሰ,ከሰረ,,,,,,,,
ወደረ,ጠመጠመ,ሳበ,ወጠረ,ጠመረ,,,,,,,
ተወጣ,አማረ,ሰመረ,ጨረሰ,,,,,,,,
አዋጣ,አዛለቀ,አሻሻለ,አማረጠ,,,,,,,,
ወጠረ,ለጠጠ,ቀበተተ,ነፋ,ጠየቀ,አስቸገረ,,,,,,
ተወጠረ,ተቆነነ,ኮራ,ተጠየቀ,,,,,,,,
ወከከ,ዛለ,ደከመ,ተሰነጠቀ,ተተረተረ,,,,,,,
ወከለ,ተካ,አመነ,,,,,,,,,
ዋለ,ቆየ,ነበረ,አቃተው,አዳነ,አገዘ,ረዳ,,,,,
ወለደ,አፈራ,አረጠ,አተረፈ,,,,,,,,
ወለለ,አበዛ,ከፈተ,ከፈለ,ሰነጠቀ,አነጋ,,,,,,
ወለቀ,ወጣ,ፈለሰ,ተነቀለ,ሰለቸ,ደከመ,,,,,,
ተወነጨፈ,ቀለጠፈ,ተወረወረ,ተሰደደ,,,,,,,,
ወፈረ,ጨመረ,ከበደ,ሰባ,ተደነደነ,ገዘፈ,,,,,,
ወቃ,አበራየ,መታ,ደበደበ,,,,,,,,
ወቀረ,ጠቀጠቀ,ወጋ,ጠረበ,,,,,,,,
ወረደ,ተንደረደረ,ለቀቀ,ተጠናወተ,ጨነገፈ,ተንዶለዶለ,,,,,,
አወረደ,አዜመ,ለገሰ,ጣለ,,,,,,,,
አወራጅ,ገጣሚ,ዘፋኝ,አፍሳሽ,,,,,,,,
ተዋረደ,አጣቢ,ተሻረ,ታዘዘ,ትሁት ,,,,,,,
ወረወረ,ሰነዘረ,አሻግሮ አየ,አጓነ,አሽቀነጠረ,ቆለፈ,ሸጎረ,,,,,
ተወረወረ,ጠለቀ,ተለቀቀ,ተቆለፈ,ተጣለ,ተጓነ,,,,,,
ተወረፈ,ተዘለለ,ተወረበ,ተሰደበ,ተዘለፈ,,,,,,,
ወረረ,ሰበሰበ,አከማቸ,በዘበዘ,ከበበ,በረበረ,,,,,,
ተወረሰ,ተያዘ,ተገኘ,ተወሰደ,,,,,,,,
ወሰነ,ደነገገ,ከለለ,መጠነ,ገደበ,,,,,,,
ወሰን,ገደብ,ድንበር,,,,,,,,,
አጀበ,ገረመ,ደነቀ,መሰገ,አጨቀ,አከማቸ,,,,,,
አከከ,ቧጠጠ,ቧጨረ,ፈገፈገ,,,,,,,,
አለም,ተድላ,ደስታ,ህብት,ሹመት,ሰማይናምድር,,,,,,
አለፈ,አማረ,ሞተ,ጠፋ,ተተወ,ተሻረ,,,,,,
አረደ,አሞኘ ,አታለለ,ቀረደደ,ከረከረ,ጋረደ,ከለለ,ሰረቀ,,,,
እርድ,ቅመም,ስጋ,ምሽግ,,,,,,,,
አረመ,ለየ,ተወ,ከለከለ,ነቀለ,ኮተኮተ,,,,,,
አዘባዘበ,አንጓተተ,አንጠለጠለ,አነታረከ,አንዛዛ,,,,,,,
ዘበተ,አላገጠ,አስፈራራ,አነባበረ,ከመረ,,,,,,,
ዘጋ,ደፈነ,ገጠመ,ከደነ,ከለከለ,አስጠላ,,,,,,
ዝግ,ደንቆሮ,ድፍን,የተዘጋ,ቀስ,,,,,,,
ዘገበ,አጠራቀመ,አከማቸ,አዘጋጀ,,,,,,,,
ተዛወረ,ተጋባ,ተላወጠ,ተላለፈ,,,,,,,,
ዞረ,ተናወጠ,ሰከረ,ተንቀዋለለ,አወደ,,,,,,,
ተንዛዛ,በዛ,ዞረ,ተትረፈረፈ,,,,,,,,
ተዘከረ,ተባረከ,ተጸለየ,ተሰጠ,,,,,,,,
ዞላ,ደካማ,ልል,ቦዘን,,,,,,,,
ዘለለ,አለፈ,ተወ,ተራመደ,ጨፈረ,ጓነ,ላቀ,በለጠ,,,,
ዘለቀ,ታየ,መጣ,ጥልቅ,ራቀ,,,,,,,
ዘመመ,ጋደለ,ደረደረ,,,,,,,,,
ዘፈዘፈ,ወዘፈ,አራሰ,ነከረ,,,,,,,,
ዘራ,አንጠባጠበ,በተነ,አሳደረ,አገባ,,,,,,,
አዘራ,አዋረደ,ነዛ,አወረደ,መታ,አስነፈሰ,,,,,,
ዘረዘረ,አራራቀ,ዘከዘከ,በተነ,ለየ,ሽረፈ,አበቀለ,,,,,
ዘረጠ,ተሳደበ,አጠረ,,,,,,,,,
ዘረጦ,ፈሪ,ስራፈት,አውደልዳይ,,,,,,,,
ዛተ,ፎከረ,አስፈራራ,,,,,,,,,
ዥበበ,ዘመመ,አሸለበ,,,,,,,,,
ያዘ,ደፈነ ,አፈነ,ታቀፈ,ጎረሰ,ወፈረ,ቋጠረ,ተደገፈ,ቆመ,,,
ተያዘ,ተዋሰ,ተገታ,ተጨበ,,,,,,,,
ደበደበ,መረገ,ደፈነ,ቆለለ,መታ,,,,,,,
ደባይ,ዘራፊ,መሰሪ,አደጋ,ነጋሪት,,,,,,,
ደበነ,አነሰ,ደበነ,ተናደደ,,,,,,,,
ደገገ,ደግ,አበለጠ,አላቀ,,,,,,,,
ደግ,ቸር,ማለፊያ,እሺ,በጎ,,,,,,,
ደገደገ,ከሳ,ደከመ,አደቀቀ,ወቀጠ,አደፈ,ቸከ,,,,,
ደገመ,ጨመረ,አከለ,አወቀ,ዘለቀ,,,,,,,
ደገፈ,ረዳ,አገዘ,ወፈረ,,,,,,,,
ደጅ,ውጭ,አደባባይ,ሜዳ,ፈለገ,,,,,,,
ደጀን,መከታ,ሀገር,,,,,,,,,
ተደከመ,ተለፋ,ተሳነፈ,,,,,,,,,
ዳጠ,ዳለጠ,ጨፈለቀ,,,,,,,,,
ደከመ,ሰነፈ,ለፋ,ታከተ,ጣረ,,,,,,,
ደላ,ተስማማ,ተሰፈረ,ተመዘነ,,,,,,,,
ደለበ,ሰባ,ወፈረ,ተጠራቀመ,,,,,,,,
ደለደለ,ገደበ,ከተረ,አነጣጠፈ,,,,,,,,
ደለለ,አታለለ,ጠቆመ,መራ,,,,,,,,
ደመደመ,ቆረጠ,ፈፀመ,አስተካከለ,,,,,,,,
ደንብ,ተዕዛዝ,ደንብ,ወሳኔ,,,,,,,,
ደነበረ,ወሰነ,ለካ,ደነገጠ,ዘለለ,,,,,,,
ደነገጠ,ባባ,ፈራ,ክው አለ,አነሰ,ሳሳ,,,,,,
ደንቆሮ,መህይም,ጅል,የማይሰማ,,,,,,,,
ደፋ,አፈሰሰ,ዘቀዘቀ,ጋገረ,ጫነ,አቀረቀረ,አዘነበለ,,,,,
ደፈና,ሙሉ,ጠቅላላ,ጭፍና,መረጋ,,,,,,,
ደራ,ደመቀ,ሞቀ,ሻፈደ,ጋለ,ጎመጀ,,,,,,
ደረደረ,አቆመ,አሰለፈ,አስታረወ,በገና መደርደር,,,,,,,
ደረቅ,ግትር,ከሸለለ,ሰመጠ,,,,,,,,
ገባ,ተረዳ,ታወቀ,የኳስ ማረፊያ,,,,,,,,
ግብ,አላማ,ልክ,አጫረሰ,,,,,,,,
መጋባት,ማለቅ,መዛመድ,ጎለመሰ,,,,,,,,
አጋባ,አገናኘ,አዛመደ,የውስጥ,,,,,,,,
ጎበዘ,በረታ,አየለ,,,,,,,,,
ገበር,ጠንካራ,ደንዳና,አሳጣ,,,,,,,,
ገብስ,እህል,ቀላል,,,,,,,,,
ጎን,አጠገብ,ቅርብ,ወርድ,ስፋት,,,,,,,
ገደማ,ገደማ,ዘንዳ,ጊዜ,,,,,,,,
ገደፈ,ገደፈ,ዘነጋ,ረሳ,ፈሰከ,ሻረ,,,,,,
ገደረ,ቀጠለ,ቻለ,አላገጠ,አሽሟጠጠ,,,,,,,
ተገደረ,ተቸገረ,አጣ,ተነቀፈ,በቀለ,,,,,,,
ገዛ,ሸመተ,ዋጀ,አበጀ,,,,,,,,
ተገዛ,ገበረ,ተገበየ,,,,,,,,,
ጊዜ,ሳይመሽ,ሳይጨልም,አፍታ,ሰአት,ቀን,ወር,,,,,
ገዘገዘ,አረጀ,ደከመ,ከረከመ,,,,,,,,
ገጠበ,አቆሰለ,ላጠ,ላፈ,መለጠ,,,,,,,
ገጠመ,ዘጋ,ያዘ,ጀመረ,ተጣላ,አገኘ,ቤትመታ,,,,,
ጎላ,ደመቀ,ወፈረ,ገዘፈ,ድስት,,,,,,,
ገለበጠ,አዛወረ,አፈረሰ,ለወጠ,አጋደመ,አወደቀ,ፈነቀለ,አስገለለ,,,,
አገላገለ,ረዳ,አገዘ,ታዘዘ,አዋለደ,,,,,,,
አገለገለ,ሰራ,ታዘዘ,ዘመረ,ቀደሰ,ጠቀመ,ረባ,,,,,
ተገለለ,ተለየ,ተወገደ,ተነቀለ,ታጭደ,ተነቀለ,,,,,,
ገመገመ,ገመተ,ተመመ,ከፍ አረገ,,,,,,,,
ጎመደ,ሰለበ,በጠሰ,ጎረደ,ገመጠ,ዋሸ,,,,,,
ገፋ,አገለለ,ወዘወዘ,በደለ,አመፀ,በረከተ,አበጠ,አደገ,,,,
ጎራ,አኳያ,ፊና,የጦር ሜዳ,ጠባብ መንገድ,ከፍተኛ ሜዳ,,,,,,
ግራ,ጠማማ,ጭንቅ ,ችግር,ጎደሎ,በግራ,,,,,,
ገረገረ,ደነበረ,ሻከረ,አወከ,ከለለ,አገደ,,,,,,
ገረመ,ጨመተ,ለሰለሰ,ደነቀ,,,,,,,,
ገረፈ,መታ,ገላመጠ,,,,,,,,,
ገረረ,ተኮሰ,ታለበ,ጋለ,,,,,,,,
ገሸለጠ,ገለፈጠ,መለጠ,,,,,,,,,
ጎሰመ,ደለቀ,ወጋ,,,,,,,,,
ገሰሰ,አዋረደ,ዳበሰ,አጠፋ,ጠረቆሸ,ገለበጠ,ላጠ,ሻረ,,,,
ጌታ,ባለቤት,ሀብታም,,,,,,,,,
ገታ,ያዘ ,ከለከልር,አገደ,አቋረጠ,,,,,,,
መግሰስ,መሻር,መደምሰስ,መጥፋት,መልቀቅ,,,,,,,
ጎሰቆለ,ከሳ,ከሰረ,ተበላሸ,,,,,,,,
ጎሸ,ተዘለለ,ደፈረሰ,አተለ,,,,,,,,
ገረሰሰ,አጋደመ,አፈለሰ,አጠፋ,,,,,,,,
ጠብደል,ወፍራም,ያልተማረ,ወደል,,,,,,,,
ጠበጠበ,ገረፈ,ጎነጎነ,ቸኮለ,አወራረደ,ሰሰተ,,,,,,
ጠበረ,አሳመረ,ገጠመ,ጠረቀ,ቀነፈ,,,,,,,
ጠበሰ,ጥግ,ግርጌ,ስር,ታች,ሀብታም,,,,,,
ጠዘለ,አወፈረ,አደነደነ,መታ,,,,,,,,
ጣጣ,መከራ አሳየ,ችግር,ጉዳይ,ሀሳብ,አደረቀ,,,,,,
አንጣጣ,አስለፈለፈ,አናረ,ቆላ,,,,,,,,
ጠየቀ,ጎበኘ,መረመረ,ሞገተ,,,,,,,,
ጠየረ,አከነፈ,አደራጀ,,,,,,,,,
ሸሸ,ራቀ,አመለጠ,ተሰወረ,ሄደ,,,,,,,
መዘከር,ማውሳት,መደገስ,ማብላት,ማበርከት,,,,,,,
ዘገምተኛ,ደካማ,ቀስተኛ,የአዕምሮ ህመም,,,,,,,,
ሽግግር,ለውጥ,መተላለፍ,ግዜያዊ,,,,,,,,
ጉልላት,ምልክት,መለያየት,ጫፍ,,,,,,,,
መከታ,ከለላ,ተባባሪ,አጋዥ,,,,,,,,
ግብዝ,ደካማ,ዋዛ,,,,,,,,,
ጐሰቆለ,ደከመ,ተቸገረ,ክከፋው,,,,,,,,
ግብአት,ምንጭ,ሃይል,መሳሪያ,,,,,,,,
መነባንብ,ጽሁፍ,ግጥም,ትረካ,,,,,,,,
እምቅ,የታፈነ,ጥሬ,ያልተበላ,,,,,,,,
እስስት,ተለዋዋጭ,ማይጨበጥ,እንሰሳ,,,,,,,,
ኬላ,ፍተሻ,ጉምሩክ,ጥበቃ,,,,,,,,
ወጀብ,ነፋስ,ነውጥ,ብጥብጥ,,,,,,,,
ወጌሻ,አካሚ,አዋቂ,ባህላዊ,,,,,,,,
ጭላንጭል,ጥርጣሬ,ተስፋ,ጫፍ,ጅምር,,,,,,,
ጽዋ,ድርሻ,ክፋይ,በረከት,,,,,,,,
አበሳ,ችግር,መከራ,ወቀሳ,ተቃውሞ,,,,,,,
ትንበያ,ግምት,እሳቤ,ክፋት,,,,,,,,
ጋጠ,በላ,ጠረገ,ተመገበ,,,,,,,,
ከነከነ,ቆረቆረ,ቀሰቀሰ,አስጨነቀ,,,,,,,,
አንኳር,ዋና,መሰረት,ጭብጥ,,,,,,,,
ጎስቋላ,ደካማ,ድሃ,ያጣ,,,,,,,,
ቀመመ,ቀላቀለ,ለወሰ,አዘጋጀ,,,,,,,,
መዋቅር,ትስስር,ስርአት,አቋም,,,,,,,,
እምቅ,የታፈነ,ጥሬ,ያልተበላ,,,,,,,,
ጠንቅ,በሽታ,ክፋት,,,,,,,,,
ፈውስ,መድሃኒት,ምመፍትሄ,ድህነት,,,,,,,,
ፍካት,ደስታ,ሃሄት,ፍቅር,ሰላም,,,,,,,
አለኝታ,መከታ,ተሳፋ,አስቸጋሪ,,,,,,,,
ፍስሀ,ደስታ,ሃሴት,ሹፈት,ሽሙጥ,,,,,,,
ሸርክ,ተንኮል,ሴራ,ግርግር,,,,,,,,
ጋጠ,በላ,ጠረገ,ተመገበ,አጣራ,,,,,,,
ትጉ,ብርቱ,ንቁ,ጠንካራ,ፈጣን,,,,,,,
ጥልቅ,ስምጥ,ሩቅ,የዘለቀ,የረቀቀ,,,,,,,
ምሽግ,ጉድብ,ከለላ,ውጊያ,ጉድጓድ,,,,,,,
እንጭጭ,ትንሽ,ጅምር,ያልጠና,ለጋ,,,,,,,
ሴራ,ተንኮል,አመጽ,አድማ,ክፋት,,,,,,,
ሲሳይ,ሃብት,ስጦታ,ንብረት,ገንዘብ,,,,,,,
ለቀለቀ,ዋሸ,አጠበ,አጸዳ,አጣራ,ተወ,ጣለ,,,,,
ምናብ,ሃሳብ,ትወና,ህልም,እሳቤ,,,,,,,
አደመ,አሤረ, ዶለተ,መከረ,አዳረሰ,,,,,,,
እንቁ,ውድ,የከበረ,ፈርጥ,አልማዝ,,,,,,,
ወና,ባዶ,ሰፊ,አውላላ,ጸጥታ,,,,,,,
ደረመን,እከክ,ፎከት,በሽታ,,,,,,,,
ጸዳል,ውብ,ያማረች,ቆንጆ,አብረቅራቂ,,,,,,,
ጽልመት,ክፋት,ተንኮል,እርግማን,ጥቁረት ,,,,,,,
ወማ,ጨለማ,ባዶ,ዋሻ,,,,,,,,
ጎሬ,ጉድጓድ,መሰናክል,ቀዳዳ,,,,,,,,
ረበበ,ዘረጋ,ጋረደ,ጫነ,,,,,,,,
ግዞት,ግዛት,ምኞት,መታለል,,,,,,,,
አምድ,ዜና,ድርሰት,ግጥም,,,,,,,,
ቀጋ,እሾህ,ተንኮል,እንቅፋት,,,,,,,,
ቅምጥል,ውብ,የተዋበ,ቀበጥ,,,,,,,,
ጉያ,እቅፍ,ከለላ,ውስጥ,,,,,,,,
ቁንጣን,ጥጋብ,ውጥረት,ጭንቀት,,,,,,,,
ችሮታ,ስጦታ,ትግስት,ተሰጦ,,,,,,,,
ዘረጠጠ,ተናገረ,አወጣ,አዋረደ,ጨፈለቀ,,,,,,,
ጠጠረ,ሃየለ,ከበደ,አስቸገረ,ከፋ,,,,,,,
ተደመመ,ተገረመ,ተደነቀ,ተመሰጠ,ተደሰት,,,,,,,
ሮሮ,ጩኸት,ቅሬታ,ጉዳት,በደል,,,,,,,
ሬት,መራራ,ኮሶ,ሃሞት,ተክል,,,,,,,
ውል,ስምምነት,ደንብ,ህግ,ስርአት,,,,,,,
ቃረመ,ለቀመ,ሰበሰበ,ዞረ,,,,,,,,
ካነ,ሰራ,ገነባ,አነጸ,አሳመረ,,,,,,,
ጭፍራ,አጋዥ,ወታደር,ትአዛዥ,,,,,,,,
መከታ,ከለላ,ተባባሪ,አጋዥ,,,,,,,,
አደለ,ሰጠ,አካፈለ,በተነ,እድለኛ,,,,,,,
ከሰመ,አለቀ,አበቃ,አለቀ,,,,,,,,
ለከት,ልክ,መጠን,ድንበር,,,,,,,,
ኬላ,ፍተሻ,ጉምሩክ,ጥበቃ,,,,,,,,
ኮረብታ,ከፍታ,ተራራቀ,ዋልታ,,,,,,,,
ወላፈን,ውቀት,ሃይል,ትነት,,,,,,,,
ደባል,ጓደኛ,አኗኗሪ,አጋር,,,,,,,,
ደብዛ,መዳረሻ,ምልክት,ስፍራ,,,,,,,,
ቀመመ,ቀላቀለ,ለወሰ,አዘጋጀ,አጣፈጠ,,,,,,,
ድንክ,አጭር,ቆራጣ,ትንሽ,,,,,,,,
ሸፈጠ,ካደ,ዋሸ,አበለ,,,,,,,,
አለመ,ተመኘ,አነጣጠ,አሰበ,,,,,,,,
አሚከላ,እሾህ,ክፉ,አስቸጋሪ,እንቅፋት,,,,,,,
መነዘረ,በተነ,ከፋፈለ,ሰሰነ,ዛዘነ,,,,,,,
መጥኔ,ብርታት,ችሎታ,ሃይል,,,,,,,,
ነሸጠ,ገፋፋው,አነሳሳው,ከነከነው,,,,,,,,
አተመ,ጻፈ,አረጋገጠ,አሸገ,ማህተም,,,,,,,
ጽልመት,ክፋት,ተንኮል,እርግማን,ጥቁረት ,,,,,,,
ፈተተ,ተነተነ,ገመሰ,ቆረሰ,አስረዳ,ገለጠ,ተረጎመ,,,,,
ፈተፈተ,አዋሸከ,ነገር አበዛ,አራሰ,አደቀቀ,አዳበረ,,,,,,
ፈተነ,ጠየቀ,መረመረ,ፈተሸ,መከራ,,,,,,,
ፍች,ትርጓሜ,ባድማ,ጠፍጣፋ ሆነ,የተፈታ,,,,,,,
አፈሰሰ,ከነበለ,ቸለሰ,ደፋ,አረከሰ,አቀጠነ,ገደለ,ተንጠባጠበ,,,,
አፈረሰ,ሻረ,ናደ,አጠፋ,በተነ,ጣለ,ተወ,ቃሉን ለወጠ,,,,
ፈረጠ,ታወቀ,ተገለጠ,ተሰበረ,ወደቀ,ፈሰሰ,መገለ,,,,,
ተፈራ,ተወለደ,ተጸነሰ,ተፈጠረ,ታፈረ,ተጠረጠረ,,,,,,
ፈራ,ታወከ,ሰጋ,ገነገነ,ጠረጠረ,,,,,,,
ፋቅ,መራብ,መፋቅ,ስርቅታ,,,,,,,,
አፋቀ,ጠና ,በረታ,ተነፈሰ,,,,,,,,
ፈንግል,ጣል,ህመም,ጠሎሽ,ግልበጣ,,,,,,,
ፈለቀቀ,በተነ,ለያየ,አፍታታ,ከፈተ,አላላ,,,,,,
አፍለቀለቀ,አንተከተከ,አፈላ,አብረቀረቀ,አብለጨለጨ,,,,,,,
ፈለቀ,አንፀባረቀ,በራ,በረቀ,መነጨ,,,,,,,
ፈለጠ,ሰነጠረ,ሸነሸነ,ፈነከተ,ሰነጠቀ,,,,,,,
ፈላ,በቀለ,ተንተከተከ,ተፍለቀለቀ,ፈለቀ,መነጨ,,,,,,
ፎከተ,ፋቀ,አከከ,ፈተገ,አጨደ,,,,,,,
ፈካ,ሳቀ,አበበ,ፈነዳ,,,,,,,,
ፎጠና,ኮበሌ,ወጣት,ቦታ,,,,,,,,
ፈዛዛ,ዝንጉ,ደብዛዛ,,,,,,,,,
ፈቀሰ,አከመ,አዳነ,አተረፈ,,,,,,,,
ፈደፈደ,ተረፈ,በዛ,በረታ,,,,,,,,
ጸጸተ,ቆጨ,አሳዘነ,ንስሀ,,,,,,,,
ጸና,በረታ,ጠና,ረጋ,,,,,,,,
ጨረተ,ባዘተ,ተበተነ,ፈደፈደ,በዛ,ቀጠነ,ሰለለ,,,,,
ጨረሰ,ገደለ,ደመደመ,ከቀነ,ገደለ,,,,,,,
ጨረረ,አሳመመ,ወዘወዘ,ነሰነሰ,ፈነጠቀ,ነዛ,አሳመመ,ወጋ,,,,
ጨረገደ,በላ,ገመጠ,ደበደበ,መታ,አጨደ,,,,,,
ጫረ,ለኮሰ,ፃፈ,ዛቀ,ቆፈረ,መነጨረ,,,,,,
ጨቆነ,አመቀ,ተጫነ,በደለ,,,,,,,,
ጭቃ,ረግረግ,አረንቋ,ማጥ,የረጠበ አፈር,,,,,,,
ጨፈረ,ተጠጋ,ቀረበ,ዘለለ,አረገደ,ዘፈነ,,,,,,
ጫነ,ነገሰ,አሳዘለ,አሸከመ,,,,,,,,
ጨነበረ,ጠለቀ,ፈጠነ,ሮጠ,,,,,,,,
ጨመረ,አከለ,ከተተ,ዶለተ,ደበለ,ናረ,አሻቀበ,,,,,
ጨመጨመ,ሳመ,ማገረ,ጠመጠመ,,,,,,,,
ጨለፈ,ቀማ,ነጠቀ,ወሰደ,ቀዳ,ጠለቀ,,,,,,
ጨለመ,ከለለ,ጋረደ,ደነገዘ,ዳመነ,,,,,,,
ጮሌ,ቀልጣፋ,ብልህ,ብልጥ,,,,,,,,
ጨከነ,ከፋ,ታገሰ,በረታ,,,,,,,,
ጨዋታ,ሳቅ,ዘፈን,ቀልድ,ልፊያ,,,,,,,
ጨዋ,ሽማግሌ,አስታራቂ,አዋቂ,አዛውንት,መሀይም,ጥሩ,,,,,
ጨደደ,ከለከለ,ከበበ,ከፈለ,ተጫነ,ከበደ,,,,,,
ጨበጠ,አድበለበለ,ኮረመተ,ነፈገ,አስወደደ,,,,,,,
ጠረቀ,ወጋ,በሳ,አወጋ,,,,,,,,
ጠቀሰ,ተናገረ,ነከረ,ጠራ,,,,,,,,
ጠቀለለ,አሳረፈ,ገደለ,ሸፈነ,ሰበሰበ,,,,,,,
ጥቅል,አንድ,ጥምጥም,ድምር,,,,,,,,
ጣረ,ደከመ,ለፋ,ጠጨነቀ,,,,,,,,
ጥሬ,ቆሎ,ያልበሰለ,ያልደቀቀ,,,,,,,,
ጠቆመ,ነካ,ወጋ,ደነቆለ,ጫረ,አከከ,,,,,,
ጠቀ,ተበላሸ,ተበከለ,አደፈ,ተሰደበ,,,,,,,
ጠፈፈ,ጠራ,አባራ,ተጭረሰ,አለቀ,,,,,,,
ጠፈነ,አሰረ,ጠለፈ,ዘጋ,,,,,,,,
ጠፈጠፈ,መታ,ለበጠ,መረገ,አነጠፈ,ጋገረ,አሞለሞለ,,,,,
አጦፈ,አሳበደ,አንቀለቀለ,አነደደ,,,,,,,,
ጦፈ,ተንቀለቀለ,ተቃጠለ,ጧፍ,ተማረ,አበደ,,,,,,
ተጠንቀቅ,ንቃ,ትጋ,እወቅ,,,,,,,,
ተጠነቀቀ,ተጠበቀ,ተጋ,ተፈፀመ,ተዘጋጀ,,,,,,,
ጠነቀ,መረዘ,ጎዳና,,,,,,,,,
ጠንቅ,መዘዝ,ተንኮል,ሳንክ,ክፉ,ህመም,,,,,,
ጠነከረ,በረታ,ጨከነ,ጠጠረ,ጠና,ከረረ,,,,,,
ጦንጧና,ችኩል,ዘዋሪ,ከውካዋ,,,,,,,,
ጠነጠነ,ወረወረ,ነቀዘ,ደበደበ,አረጀ,,,,,,,
ጠነገደ,ጨረሰ,ፈጀ,ገደለ,,,,,,,,
ጥናት,ብርታት,ጥንካሬ,መለማመድ,,,,,,,,
ጠና,አረጀ,ጨከነ,በረታ,ቆየ,ተቀመጠ,,,,,,
ጠመቀ,አዘከረ,ደገሰ,አጠራ,አንጠፈጠፈ,ጠመዘዘ,በጠበጠ,ዘለለ,,,,
ጠመዘዘ,አከረረ,አጦዘ,ገመደ,አዞረ,,,,,,,
ጠመደ,ጠላ,አቆራኘ,,,,,,,,,
ቄንጥ,ምስቃ,ንውር,ነቀፋ,ጌጥ,,,,,,,
ተቀነዘፈ,ተንጠባጠበ,ወረደ,ፈሰሰ,ተቀነጠሰ,ተመለመለ,ታረደ,,,,,
ቅንቅን,እከክ,ንፍገት,ስስት,,,,,,,,
ቆነነ,ጎነጎነ,ለካ,መጠነ,,,,,,,,
ቆነቆነ,ቆጠበ,ሰሰተ,ጠነጠነ,ነቀዘ,,,,,,,
አቀሰመ,አቀለመ,አመጠጠ,,,,,,,,,
መቅሰፍ,መቅጠፍ,ምስጨነቅ,መሰቀዝ,,,,,,,,
ተቀሰፈ,ሞተ,ተቀጠፈ,ጎበጠ,ተደገነ,,,,,,,
በይ,ምች,ንገሪ,,,,,,,,,
ቦለደ,መታ,አጋጨ,እሳት አወጣ,,,,,,,,
በለደ,አስገለለ,አራቀ,ለየ,ከፈለ,,,,,,,
ሸለቀቀ,ላጠ,ገፈፈ,መዘዘ,,,,,,,,
ሳተና,ቀልጣፋ,ብርቱ,,,,,,,,,
ሸበረቀ,ተዋበ,ጠራ,አማረ,,,,,,,,
ሸበሸበ,አጠጋጋ,ሸነሸነ,,,,,,,,,
ሸበተ,ነጣ,ሻገተ,,,,,,,,,
ሻገተ,በሰበሰ,ሸለለ,ወሰወሰ,,,,,,,,
አሻለ,አዳነ,አሻረ,አስበለጠ,,,,,,,,
ሸነገለ,ደለለ,አረሳሳ,አሞኘ,,,,,,,,
ሹመት,ማዕረግ,ክብር,,,,,,,,,
ሸነተረ,ቀደደ,በጣ,ሰነጠቀ,,,,,,,,
ሸቆረረ,ፈራ,አፈረሰ,ሰጋ,,,,,,,,
ቀበተተ,ነረተ,ነፋ,ወጥረ,አሳበጠ,,,,,,,
ቅዱስ,የነፃ,የተባረከ,መጀመሪያ,,,,,,,,
አቆመ,አገደ,ከለከለ,ገተረ,አስጠበቀ,,,,,,,
አቋቋመ,አሳካ,አበጀ,ተወዳደረ,ተከራከረ,,,,,,,
ተቃወሰ,ተለያየ,ተጣመመ,ተዘባረቀ,,,,,,,,
ቃጣ,ዘረጋ,ፈለገ,ከጀለ,ዳዳ,,,,,,,
ቀጭኔ,እንስሳ,ጦር,ጎራዴ,ቀጫጫ,,,,,,,
ቀላወጠ,ከጀለ,አፈጠጠ,ዞረ,,,,,,,,
ቀላጤ,ቋመትጠ,ተወሰወሰ,የንጉስ ቃል,,,,,,,,
ቆለጨ,ጎላ,ተገለጠ,,,,,,,,,
ቀንበጥ,ለምለም,ለጋ,,,,,,,,,
ቁልጭ,ተበራ,የጠራ,,,,,,,,,
አቀናበረ,አከናወነ,አደራጅ,,,,,,,,,
አቀነበረ,አጠና,አደረቀ,,,,,,,,,
ሁለንተና,ሁለነገር,አንደኛ,የሴትስም,,,,,,,,
ሃመልማል,የሚያምር,አረንጓዴ,ለምለም ,የሚያስደስት,,,,,,,
